[{"address":"0x12edd5b6dd25ed34b33ded3daf48ee5a1d66cdc7","symbol":"MEMRSATS","name":"MEMRSATS","decimals":"18","pool_address":"0x97a2dcfeb82a5f0acc4b630a4fcf37efd1f1684d","version":2,"istoken0":true,"token_price":0.00002181068504815095,"token_mcap":4580243.8601117},{"address":"0xf8c34439e865054d96875f0861d15c3cb18fcff4","symbol":"PRAI","name":"ProfitRocket","decimals":"18","pool_address":"0xe78b0bd48f01fe63161fe78a8625e657d3c2695d","version":2,"istoken0":false,"token_price":0.000050774906163767366,"token_mcap":1066273.0294391147},{"address":"0xf563ea3f3074af1b5a0f43860e419588b7cc2c92","symbol":"ELY","name":"Elysian","decimals":"18","pool_address":"0xe685bb20d79f97a5ccfb0376e42165a97300f147","version":2,"istoken0":false,"token_price":0.0015299805881339756,"token_mcap":1529980.5881339756},{"address":"0x9bf3a5ba31c5629e9b08a14cf9dc21897bfd3ec1","symbol":"BENANCE","name":"BENANCE","decimals":"18","pool_address":"0xab3f65c91bad49df8ebb4f15fc1f11655c2a78f7","version":2,"istoken0":true,"token_price":0.0019826745069268193,"token_mcap":1982674.5069268194},{"address":"0x5ba95a08b76d4d512795734683f430f81d6dfb3b","symbol":"TENG","name":"Richard Teng","decimals":"9","pool_address":"0x08c8fda33443797f339bb7b8b920e9a5fcec47bd","version":2,"istoken0":true,"token_price":0.00007321373410169215,"token_mcap":732137.3410169214},{"address":"0xfa22bbb40007f4220a2b1af517ced454c60cd23e","symbol":"BTK","name":"Bitlink","decimals":"18","pool_address":"0x8ee85ac4f831c4eb911167debf6f5d634dd32dc1","version":2,"istoken0":false,"token_price":0.002653524610893993,"token_mcap":26535246.10893993},{"address":"0xc3960227e41c3f54e9b399ce216149dea5315c34","symbol":"CZ","name":"Changpeng Zhao","decimals":"9","pool_address":"0xa18d5eceb5fe22ee3cc228fb9c32b65adcedfa13","version":2,"istoken0":false,"token_price":0.0007789353759602322,"token_mcap":7789353.759602321},{"address":"0x49cffd2ca0cccdf98600e9b6280469cc979f1fb7","symbol":"SNAPCAT","name":"snapcat","decimals":"18","pool_address":"0x55556946fbb38f1d5c82414ca7cd45406e46114d","version":3,"istoken0":true,"token_price":1.278895607928101,"token_mcap":7104974.889103002},{"address":"0x6f4b45d1ba48807fb308fab44e4b1152c7c50e09","symbol":"PEPEPE","name":"PEPEPE","decimals":"9","pool_address":"0x6b8a504556a40c17066b0535cc09635fc5e7e972","version":3,"istoken0":true,"token_price":0.000590043868004915,"token_mcap":3245241.2740270323},{"address":"0xc3960227e41c3f54e9b399ce216149dea5315c34","symbol":"CZ","name":"Changpeng Zhao","decimals":"9","pool_address":"0x7a5bef8c4b1d511bc076a416b097eea798247301","version":3,"istoken0":false,"token_price":0.0007450691486288653,"token_mcap":7450691.486288653},{"address":"0x644192291cc835a93d6330b24ea5f5fedd0eef9e","symbol":"NXRA","name":"AllianceBlock Nexera Token","decimals":"18","pool_address":"0xd560c47e0f4a135607d0110d225270b0b4446876","version":3,"istoken0":true,"token_price":0.12133250230687559,"token_mcap":103132626.96084425},{"address":"0x8bf30e9f44e5d068a9d0c20da22660997a532e33","symbol":"GDAG","name":"GHOSTDAG","decimals":"18","pool_address":"0x9e422989f9786f05623678c681004ac93fffa1c5","version":3,"istoken0":true,"token_price":0.00019022564745696874,"token_mcap":5459476.082015003},{"address":"0x0001a500a6b18995b03f44bb040a5ffc28e45cb0","symbol":"OLAS","name":"Autonolas","decimals":"18","pool_address":"0x41480b7bfb45ab2add9f461af50c5953a3fbfa34","version":3,"istoken0":true,"token_price":2.422400172471463,"token_mcap":1298594425.4073842}]